{"avg_path_length": 7.0, "avg_path_weight_sum": 98.50260243293481, "avg_path_weight_avg": 11.36458711608785, "top_10_relation": [["RelatedTo", 760], ["AtLocation", 145], ["IsA", 49], ["UsedFor", 40], ["HasProperty", 21], ["FormOf", 18], ["Synonym", 18], ["Desires", 16], ["HasContext", 14], ["HasPrerequisite", 12]], "path_length": [7, 4, 7, 4, 7, 16, 7, 4, 10, 7, 4, 6, 8, 13, 5, 8, 8, 4, 6, 2, 5, 6, 8, 4, 8, 10, 7, 8, 6, 6, 4, 7, 5, 5, 6, 5, 8, 6, 4, 7, 5, 8, 12, 10, 9, 6, 4, 4, 9, 11, 6, 7, 2, 2, 5, 4, 4, 9, 4, 4, 6, 7, 12, 4, 5, 13, 14, 6, 12, 2, 4, 7, 11, 11, 12, 7, 8, 12, 5, 4, 4, 12, 10, 13, 7, 6, 4, 10, 6, 2, 2, 8, 5, 7, 5, 6, 7, 2, 4, 8, 6, 7, 4, 11, 6, 4, 2, 8, 8, 14, 2, 11, 4, 6, 8, 7, 8, 7, 7, 9, 6, 10, 11, 6, 8, 10, 7, 5, 5, 11, 10, 9, 8, 7, 13, 4, 10, 5, 7, 4, 11, 2, 5, 5, 10, 9, 7, 7, 9, 4, 4, 7, 7, 11, 13, 6, 8, 4, 6, 5, 5, 9, 10, 5, 14, 9, 5], "path_weight_sum": [111.04481941804747, 6.0, 77.50521186017238, 21.687443354226467, 105.35744017510211, 436.49362007146965, 42.666882372689145, 14.31370849898476, 185.57438582473247, 83.3072847803039, 14.827182715841865, 43.05911869214165, 77.66280782739854, 338.79503961848707, 54.73180632013851, 77.89876206479988, 93.25954097586478, 15.0, 27.249452164848016, 5.791660527270807, 19.206150209127664, 25.434664363614893, 207.0217902519133, 25.63957329604929, 105.26129779943864, 196.30425886746937, 51.51586674412421, 85.00986532536899, 69.54892643459974, 27.667042810258536, 22.01976313882303, 42.90382402080628, 11.0, 39.463293376772874, 39.02450529563643, 18.932304845413263, 104.63078713015493, 42.02247283432352, 28.426542433153685, 78.65878014181159, 33.24863192519738, 134.86324213085985, 286.86085864042536, 257.7176997096145, 137.2619829968301, 34.64621130674031, 22.928203230275507, 29.37981748203351, 177.50729106090466, 212.63870468924785, 82.26708758892542, 69.04787086980485, 6.8294927269848955, 4.229438358268883, 58.77343363947565, 12.677925016894381, 16.568930061775262, 144.96134004538018, 14.500461522076721, 16.880801733432147, 34.80209308575647, 34.87366453794302, 245.53905345676534, 12.0, 32.04255638293539, 458.4612960452483, 358.339327001781, 28.594619625490985, 383.71707839717914, 7.468795698019356, 33.247369271615426, 98.33689889231152, 212.63870468924785, 255.8189376592343, 225.3884387083945, 90.46613279196184, 122.2585052657841, 219.12537463232442, 67.9346277142731, 28.868860355758784, 23.50691342486026, 271.59848467874923, 151.66905561723362, 351.5961948324644, 72.75351329671739, 40.485449602111366, 10.0, 130.12600670537958, 26.485281374238575, 4.640454506330302, 5.65685424949238, 111.8915468671462, 53.77170489682274, 85.73875299770887, 48.332067993053734, 60.72410165852729, 63.38718764236632, 4.737882393383616, 16.57173892333372, 85.38548902096196, 60.77904780405031, 62.26553582083207, 17.317056991798413, 252.76575669261854, 30.34168783478959, 25.050606782635384, 5.791660527270807, 86.05113942248425, 81.3699093535597, 385.2126132193986, 7.468795698019356, 180.68262664166713, 18.34297013663737, 89.85661696962575, 111.00198657955828, 75.09492037714492, 125.84482552872748, 55.90817147418137, 62.62413300039064, 138.4014389965899, 27.69196545146668, 179.19945398771617, 263.60714899922004, 87.0729574891424, 62.38158274810975, 275.45918983182247, 72.96824460507857, 34.23758642771402, 35.33720518745103, 274.85646935541126, 120.48794491481985, 101.52557871052986, 123.12233636045272, 33.682154303382774, 293.208177613581, 20.521295049905223, 247.8402007891793, 31.165478646987957, 90.44325474104538, 25.708925241095322, 214.0189936286127, 4.024845673131659, 33.66682698290933, 55.367192980471984, 204.65649729333165, 153.04392045008234, 74.73998349829935, 68.63528330332305, 50.810480787894754, 29.09872986386845, 22.450842777148484, 47.86788402157485, 32.0, 234.33829729313783, 293.208177613581, 34.79395839954082, 121.13955555819368, 28.320360509575856, 45.43816727481263, 36.239367767544735, 39.443696049595374, 130.94464611057424, 128.56858141407696, 38.44046314425178, 398.07490662016073, 229.15019543636382, 34.07578533253398], "path_weight_avg": [15.863545631149638, 1.5, 11.072173122881768, 5.421860838556617, 15.051062882157444, 27.280851254466853, 6.0952689103841635, 3.57842712474619, 18.557438582473246, 11.901040682900557, 3.706795678960466, 7.176519782023608, 9.707850978424817, 26.061156893729773, 10.946361264027702, 9.737345258099985, 11.657442621983098, 3.75, 4.541575360808003, 2.8958302636354034, 3.8412300418255327, 4.239110727269149, 25.877723781489163, 6.409893324012322, 13.15766222492983, 19.630425886746938, 7.359409534874887, 10.626233165671124, 11.591487739099955, 4.611173801709756, 5.504940784705758, 6.12911771725804, 2.2, 7.892658675354575, 6.504084215939405, 3.7864609690826527, 13.078848391269366, 7.003745472387254, 7.106635608288421, 11.23696859168737, 6.649726385039476, 16.85790526635748, 23.90507155336878, 25.77176997096145, 15.251331444092235, 5.774368551123385, 5.732050807568877, 7.344954370508377, 19.723032340100517, 19.330791335386166, 13.711181264820903, 9.863981552829264, 3.4147463634924478, 2.1147191791344415, 11.75468672789513, 3.1694812542235953, 4.1422325154438155, 16.1068155605978, 3.6251153805191803, 4.220200433358037, 5.800348847626078, 4.981952076849003, 20.461587788063778, 3.0, 6.4085112765870775, 35.26625354194218, 25.595666214412926, 4.7657699375818305, 31.976423199764927, 3.734397849009678, 8.311842317903857, 14.04812841318736, 19.330791335386166, 23.25626705993039, 18.78236989236621, 12.923733255994549, 15.282313158223012, 18.260447886027034, 13.58692554285462, 7.217215088939696, 5.876728356215065, 22.633207056562437, 15.166905561723363, 27.0458611409588, 10.393359042388198, 6.747574933685228, 2.5, 13.012600670537958, 4.414213562373096, 2.320227253165151, 2.82842712474619, 13.986443358393275, 10.754340979364548, 12.248393285386982, 9.666413598610747, 10.120683609754549, 9.055312520338045, 2.368941196691808, 4.14293473083343, 10.673186127620244, 10.129841300675052, 8.895076545833152, 4.329264247949603, 22.97870515387441, 5.056947972464932, 6.262651695658846, 2.8958302636354034, 10.756392427810532, 10.171238669194963, 27.51518665852847, 3.734397849009678, 16.425693331060646, 4.585742534159342, 14.976102828270959, 13.875248322444785, 10.72784576816356, 15.730603191090935, 7.986881639168767, 8.94630471434152, 15.377937666287766, 4.6153275752444465, 17.919945398771617, 23.964286272656366, 14.512159581523733, 7.797697843513719, 27.545918983182247, 10.424034943582653, 6.847517285542804, 7.067441037490207, 24.98695175958284, 12.048794491481985, 11.28061985672554, 15.39029204505659, 4.811736329054682, 22.55447520104469, 5.130323762476306, 24.78402007891793, 6.233095729397592, 12.920464963006483, 6.4272313102738305, 19.4562721480557, 2.0124228365658294, 6.733365396581865, 11.073438596094396, 20.465649729333165, 17.00488005000915, 10.67714049975705, 9.805040471903293, 5.645608976432751, 7.274682465967112, 5.612710694287121, 6.838269145939265, 4.571428571428571, 21.30348157210344, 22.55447520104469, 5.798993066590136, 15.14244444477421, 7.080090127393964, 7.573027879135438, 7.247873553508947, 7.888739209919075, 14.549405123397138, 12.856858141407695, 7.688092628850356, 28.43392190144005, 25.461132826262645, 6.815157066506797], "relation_counter": [["RelatedTo", 760], ["AtLocation", 145], ["IsA", 49], ["UsedFor", 40], ["HasProperty", 21], ["FormOf", 18], ["Synonym", 18], ["Desires", 16], ["HasContext", 14], ["HasPrerequisite", 12], ["HasSubevent", 12], ["Causes", 10], ["CapableOf", 9], ["ReceivesAction", 8], ["HasA", 7], ["NotDesires", 6], ["MotivatedByGoal", 5], ["MannerOf", 5], ["Antonym", 4], ["DerivedFrom", 3], ["HasLastSubevent", 2], ["PartOf", 2], ["CausesDesire", 1], ["SimilarTo", 1], ["DistinctFrom", 1]]}